Product,Product Category
Car Media Players,Auto & Accessories
Car Speakers,Auto & Accessories
Car Body Covers,Auto & Accessories
Car & Bike Care,Auto & Accessories
Tyre,Auto & Accessories
Bike Tyres,Auto & Accessories
Car Mat,Auto & Accessories
Car Seat Covers,Auto & Accessories
Car Pillow & Neck Rest,Auto & Accessories
Samsung Mobile,Electronic
Watch,Electronic
Fans,Electronic
Iron,Electronic
Tablet,Electronic
Mouse,Electronic
Keyboard,Electronic
Apple Laptop,Electronic
Mixer/Juicer,Electronic
LED,Electronic
LCD,Electronic
Speakers,Electronic
Sofa Covers,Home & Furniture
Bed Sheets,Home & Furniture
Curtains,Home & Furniture
Towels,Home & Furniture
Sofas,Home & Furniture
Beds,Home & Furniture
Dinning Tables,Home & Furniture
Shoe Rack,Home & Furniture
Umbrellas,Home & Furniture
Dinner Crockery,Home & Furniture
T - Shirts,Fashion
Shirts,Fashion
Jeans,Fashion
Suits,Fashion
Sports Wear,Fashion
Casula Shoes,Fashion
Running Shoes,Fashion
Formal Shoes,Fashion
Sneakers,Fashion
Titak watch,Fashion
Fossil Watch,Fashion
